Entity,Births_Sum,Births_Count,Births_Mean,Births_Min,Births_Max,Births_Var,Births_Std,Births_Mode,Births_Kurt,Deaths_Sum,Deaths_Count,Deaths_Mean,Deaths_Min,Deaths_Max,Deaths_Var,Deaths_Std,Deaths_Mode,Deaths_Kurt
Afghanistan,198454871,151,1314270.6688741723,383985,1912670,310894905930.3428,557579.5063758555,No Mode,-1.4850959382380702,66688639,151,441646.61589403974,218356,1161692,70177466522.49153,264910.29901174386,No Mode,0.619542611397593
Africa (UN),6125931193,151,40569080.74834437,10878554,56538320,255017513245643.2,15969267.774248235,No Mode,-1.2488137622190358,2440679943,151,16163443.331125828,6126234,38248508,85858716653681.78,9265997.876844231,No Mode,-0.3663393240708812
Albania,5514264,151,36518.30463576159,7147,85490,711439550.4532447,26672.824193422875,No Mode,-1.3585553671340536,3718091,151,24623.119205298015,16707,30694,24637380.35902868,4963.605580525983,No Mode,-1.5806031353277459
Algeria,111124072,151,735921.0066225166,456352,1042868,16058074722.233307,126720.45897262725,No Mode,-0.12861057500744488,52891628,151,350275.6821192053,146103,698466,30521102071.511616,174702.89657447473,No Mode,-1.216794068625611
American Samoa,121900,151,807.2847682119206,304,1894,194000.20503311287,440.45454366269496,305,-0.38405868999334114,46540,151,308.2119205298013,140,458,11820.70145695365,108.72304933616262,142,-1.4500058236755906
Americas (UN),1968020388,151,13033247.602649007,9497416,16576457,4647810391181.289,2155878.102115537,No Mode,-1.2876182609570082,1342922431,151,8893526.033112584,4491792,13990600,12790409983413.562,3576368.26730883,No Mode,-1.6222265005844934
Andorra,71242,151,471.80132450331126,89,873,37027.28026490062,192.42473922263898,394,-0.41171986179851805,92409,151,611.9801324503311,58,1222,164185.3929359823,405.19796758619395,60,-1.4446952175622516
Angola,205383870,151,1360158.0794701986,201604,2353811,637371553276.2742,798355.5306229638,No Mode,-1.5977085128634174,63593675,151,421150.1655629139,121741,1227272,87024539273.3257,294999.2191062981,No Mode,0.3916250504135985
Anguilla,21324,151,141.2185430463576,62,282,3293.038587196469,57.38500315584612,94,-0.2066441094180389,17132,151,113.45695364238411,51,192,2821.8364679911683,53.12096072165081,55,-1.7108173714891568
Antigua and Barbuda,166302,151,1101.3377483443708,521,2032,174891.65183222963,418.2004923864027,No Mode,-0.7194676694182403,117122,151,775.6423841059602,394,1194,97253.48459161147,311.85490951981416,400,-1.7304073457530762
Argentina,78465312,151,519637.8278145695,291062,775263,21284211419.050186,145891.09437882144,No Mode,-1.204094547389076,58134898,151,384999.32450331125,159931,603537,21557680388.180664,146825.33973459984,No Mode,-1.3580559455852579
Armenia,5945328,151,39373.03311258278,13713,87990,501919463.79223055,22403.55917688595,No Mode,-0.6924123453099291,4316661,151,28587.158940397352,21652,51072,19133986.041236244,4374.24119605175,22046,3.3913653616758763
Aruba,165345,151,1095.0,624,1809,105041.37333333335,324.1008690721661,807,-0.34302206290230774,138883,151,919.7549668874173,346,1505,157631.95955849896,397.0289152675142,1138,-1.538795981128707
Asia (UN),9809578012,151,64964092.794701986,42000740,90014730,180064007722433.78,13418793.079947012,No Mode,-1.245366060373182,6375757054,151,42223556.64900662,26501850,64688990,223989348729026.75,14966273.708877128,No Mode,-1.574559437937838
Australia,45604574,151,302017.0463576159,188769,408076,3406464636.8978453,58364.92642758873,No Mode,-1.0327550828339391,32618349,151,216015.55629139073,77952,380412,11002132993.515142,104891.0529717151,No Mode,-1.5393392793516252
Austria,12098151,151,80120.20529801324,58175,134825,386531797.2442389,19660.411929668182,No Mode,0.6928656350683702,14390171,151,95299.14569536423,74605,119622,150009265.88529804,12247.826986257523,No Mode,-0.8218023273561825
Azerbaijan,20833599,151,137970.85430463575,91257,213566,1299717155.6986277,36051.590196531244,No Mode,-0.9199064594429527,13921907,151,92198.05960264901,55352,139075,959937779.0164245,30982.862666584322,No Mode,-1.6724292788014665
Bahamas,669188,151,4431.7086092715235,3068,6845,934448.7411920524,966.6688891197712,3386,-1.0000111521099204,516452,151,3420.2119205298013,939,5464,2962098.6481236164,1721.07485256267,No Mode,-1.6318585608228746
Bahrain,3006153,151,19908.298013245032,5766,34614,68676219.37059602,8287.111642218659,No Mode,-1.1756255779031566,865313,151,5730.549668874172,1388,15792,19440725.262516554,4409.163782682217,1392,-0.6838365841580125
Bangladesh,442013570,151,2927242.1854304634,1798648,4082289,474402696359.05865,688768.9716872114,No Mode,-1.2509260580794814,221050235,151,1463908.8410596026,853187,2802344,287662323319.32153,536341.6106543678,No Mode,-0.2931791610469099
Barbados,536054,151,3550.026490066225,1585,8078,3144831.6259602667,1773.3673127584896,3950,0.3965425109454399,416427,151,2757.794701986755,1557,3630,384138.8175717444,619.7893332187514,3144,-1.0330619414346578
Belarus,13610414,151,90135.19205298013,28960,207507,2689862324.4228687,51863.88265857917,No Mode,-0.9303509191768566,16036104,151,106199.36423841059,63004,147593,478153338.9531129,21866.717608116516,No Mode,-0.8340172800246903
Belgium,17084844,151,113144.66225165562,90756,159381,348339265.1584993,18663.849151729108,No Mode,-0.1450731026925256,18363399,151,121611.91390728476,101605,143883,182599855.65253872,13512.951404209914,No Mode,-1.435331966249041
Belize,850116,151,5629.907284768212,3435,8039,1784253.351346576,1335.7594661265089,6235,-1.3728690585884404,471395,151,3121.82119205298,1056,6777,4482530.934481236,2117.1988415076266,1079,-1.2207345479904985
Benin,64245366,151,425466.0,92031,634962,38517268211.84002,196258.1672487543,No Mode,-1.4289827561320254,25821372,151,171002.46357615895,70365,424302,11586256752.223658,107639.47580801227,No Mode,-0.4581683735776343
Bermuda,89078,151,589.9205298013245,242,1145,73088.7803090509,270.34936713269906,537,-0.9970881068056223,87945,151,582.4172185430464,344,897,30135.111434878552,173.59467571005325,373,-1.2183672011505569
Bhutan,1652671,151,10944.84105960265,5456,22547,22621829.321236186,4756.241091580218,No Mode,-0.14487984714390034,1110626,151,7355.139072847682,4644,11894,6036602.147196468,2456.9497648907004,6820,-0.9985265396569494
Bolivia,34447685,151,228130.3642384106,133003,261796,1146281792.793112,33856.78355652102,No Mode,0.38415745666896495,18636175,151,123418.3774834437,79840,212393,2220058000.903224,47117.491453845716,No Mode,-1.0380610629919835
Bonaire Sint Eustatius and Saba,37694,151,249.6291390728477,173,307,1147.4348785871978,33.87380815006187,245,-0.7823011267664457,39108,151,258.9933774834437,72,458,23302.766622516563,152.65243732910577,77,-1.8026913608252595
Bosnia and Herzegovina,6243796,151,41349.64238410596,9875,114833,1118033573.5512578,33437.00904015276,No Mode,-0.48339033788831376,5518900,151,36549.00662251656,22894,82851,74835207.52662246,8650.734507926045,42674,7.401021315856557
Botswana,6978610,151,46215.96026490066,18806,61615,130565222.54507709,11426.514015441328,No Mode,-0.15441709585476282,3388675,151,22441.556291390727,7339,46033,168459272.47514343,12979.186125298591,No Mode,-1.037387439723096
Brazil,384376511,151,2545539.80794702,1268230,3997588,697425802747.4628,835120.2325099439,No Mode,-1.3151477644961354,265627450,151,1759122.1854304636,910275,2801366,528597206240.76544,727046.9078682375,No Mode,-1.7031089522621168
British Virgin Islands,40168,151,266.0132450331126,202,357,1391.6131567328925,37.30433160817779,255,-0.8821225268535171,43114,151,285.52317880794703,54,596,40945.397792494485,202.34969185174086,81,-1.6128558570312146
Brunei,794641,151,5262.523178807947,2348,7276,1091611.6777924942,1044.8022194618914,4631,-0.24650530483707866,491634,151,3255.8543046357618,842,6544,5071476.031964678,2251.9937903921223,857,-1.6498068152631957
Bulgaria,11156654,151,73885.12582781457,28933,155976,1612416383.590728,40154.90485097341,No Mode,-0.894068665087477,13209783,151,87482.00662251655,51168,148512,410909934.88662314,20270.91351879888,No Mode,-0.719823715017581
Burkina Faso,90891300,151,601929.1390728477,182668,813710,45772361003.14717,213944.76156977337,810740,-0.991436357711891,40354814,151,267250.4238410596,119023,607075,21841978129.725822,147790.31811903586,No Mode,-0.2949049497346543
Burundi,62799891,151,415893.3178807947,117211,599143,30462447187.431606,174534.94546202375,No Mode,-1.4038926097343465,23037094,151,152563.53642384105,52656,382729,8382380160.730335,91555.339334909,No Mode,0.050297448270802736
Cambodia,45494182,151,301285.9735099338,110966,391232,3172851418.7859583,56328.069546061655,No Mode,0.1544980613666871,25600039,151,169536.6821192053,86266,569757,7606215991.858281,87213.62274242644,No Mode,6.333967950486626
Cameroon,131923500,151,873665.5629139073,190920,1325613,171119640376.07428,413666.0976875846,No Mode,-1.4535490075452404,44668082,151,295815.11258278147,117879,757583,32929147725.80723,181463.901991022,No Mode,-0.05034956730828721
Canada,58685954,151,388648.70198675495,329737,463478,1076941130.343927,32816.78123070462,No Mode,-0.5887660974729614,52006688,151,344415.15231788077,123120,563208,25183303791.876637,158692.48183791392,No Mode,-1.6359866924964124
Cape Verde,1205767,151,7985.211920529801,2927,15274,15186403.661456948,3896.9736541907682,6236,-1.18339385657067,664882,151,4403.192052980133,2568,7309,2600066.0628697597,1612.4720347558775,2642,-0.8961622561146334
Cayman Islands,110065,151,728.9072847682119,249,1045,83047.72467991167,288.1800213059741,276,-1.361973426933229,90989,151,602.5761589403974,97,1335,230967.25916114796,480.5905317015182,118,-1.5269346631934935
Central African Republic,32615781,151,215998.54966887418,65217,315113,7945759888.449184,89138.99196451115,No Mode,-1.4420613160795703,12146846,151,80442.68874172185,41389,328277,2237965653.522472,47307.141675675906,No Mode,5.950762514118132
Chad,113259007,151,750059.6490066225,118651,1220596,181066787111.64267,425519.4321199006,No Mode,-1.622239142178836,45983115,151,304523.940397351,74173,805330,46445483785.53641,215512.14301179507,No Mode,-0.6025342873905215
Chile,28964396,151,191817.19205298013,80094,297949,5562423914.769528,74581.65937259326,No Mode,-1.59999864823601,23626090,151,156464.17218543048,69114,271659,5684170621.876821,75393.43885164558,No Mode,-1.5719977049063911
China,2052380071,151,13591921.0,3099844,33461050,78603527507686.77,8865863.04358954,No Mode,-1.1601938497154047,1936472447,151,12824320.841059603,7451333,19506194,15564701277426.033,3945212.4502269877,No Mode,-1.461592572381603
Colombia,95688960,151,633701.7218543047,358954,912584,26496108485.735424,162776.25283110377,No Mode,-1.236955733803148,60858557,151,403036.8013245033,159212,768782,50493048870.44026,224706.58394991513,No Mode,-1.4527536825752674
Comoros,3275729,151,21693.56953642384,7283,27775,40143521.206799075,6335.891508446075,27720,-0.5277853483502217,1221458,151,8089.12582781457,4144,17219,12759258.124061808,3572.0103756934705,5659,0.015755438833702673
Congo,28325766,151,187587.85430463575,37989,304931,9198201173.445292,95907.25297622329,No Mode,-1.5282153322102634,8998641,151,59593.649006622516,18663,164146,1733700819.1759827,41637.73311764202,No Mode,-0.17964224579362886
Cook Islands,45458,151,301.04635761589407,62,835,64557.09783664449,254.08088837345576,63,-0.7532076761819484,20038,151,132.7019867549669,67,360,2883.850596026491,53.70149528669096,129,5.534442223893562
Costa Rica,7835496,151,51890.70198675497,24321,84209,343139323.79726225,18524.020184540455,No Mode,-1.2381516236333332,5343525,151,35387.58278145696,10030,69639,517784655.71143484,22754.882019281817,No Mode,-1.5807393465870794
Cote d'Ivoire,153978421,151,1019724.642384106,148458,1717669,279642825427.8979,528812.6562667519,No Mode,-1.3539167011717264,54295543,151,359573.1324503311,91653,952003,59812695318.56904,244566.3413443662,No Mode,-0.3549900322960817
Croatia,6160944,151,40800.953642384105,15534,97115,512652987.3378367,22641.841518256344,No Mode,-0.5267890728954661,7095418,151,46989.52317880795,33114,57806,42132183.704459205,6490.93088119564,No Mode,-0.9090454053212662
Cuba,17615110,151,116656.35761589404,38415,276269,4707479492.524592,68611.07412455071,No Mode,-0.39235479874543033,15230298,151,100862.90066225166,59969,169657,819748978.863399,28631.258771898225,No Mode,-1.2719537401892131
Curacao,308192,151,2041.0066225165563,739,4591,1498166.5799558507,1223.9961519367007,1399,-0.9128265218477098,259248,151,1716.8741721854306,988,2370,310722.6973951435,557.4250598915908,989,-1.7986044155416772
Cyprus,1906648,151,12626.807947019868,9913,15741,2528986.8362030853,1590.2788548563065,10607,-1.1155076992277158,1699822,151,11257.099337748345,5541,20398,27699083.74339954,5262.991900373735,6179,-1.403099317243186
Czechia,15929958,151,105496.41059602649,69646,195298,1127352578.8169527,33576.071521501035,No Mode,0.05866281425656661,17790017,151,117814.6821192053,93356,140176,174755703.8449448,13219.519803871273,No Mode,-1.3445588634979126
Democratic Republic of Congo,623575804,151,4129641.086092715,563665,7006946,5953997269537.65,2440081.4063341515,No Mode,-1.63457714835739,202676934,151,1342231.3509933774,326789,3917828,955021978293.1362,977252.25929293,No Mode,0.09335667881948195
Denmark,9215514,151,61029.894039735096,50873,88058,73202850.82869694,8555.866456922813,No Mode,0.48990514159208365,9109775,151,60329.6357615894,37944,71523,86936224.37977928,9323.959694238241,67513,-0.546580304605444
Djibouti,2962745,151,19620.827814569537,2821,26584,53038657.25015453,7282.764396172276,24911,0.2560241772881815,1589097,151,10523.82119205298,1410,20725,37688869.2011479,6139.126094253798,No Mode,-1.197729487925007
Dominica,161954,151,1072.5430463576158,408,2518,451003.9564679913,671.5682813147084,963,-0.7578356714124199,116649,151,772.5099337748344,518,1185,14082.238233995615,118.66860677532038,849,0.7566750309674766
Dominican Republic,26166507,151,173288.12582781457,108014,221375,1177813782.4040613,34319.29169438177,No Mode,-1.1763839661167228,13624336,151,90227.39072847682,42988,158131,1928273253.8929794,43912.10828339923,No Mode,-1.5121076110527505
East Timor,4095282,151,27121.07284768212,17833,39101,27103131.761324488,5206.0668225950085,No Mode,-1.0741743654088027,2393306,151,15849.708609271524,7214,26756,33579945.154525414,5794.820545497972,No Mode,-0.8944367214990456
Ecuador,36595109,151,242351.71523178808,156313,333805,2995443126.8850336,54730.641572021006,No Mode,-1.2794830472269838,20279998,151,134304.6225165563,58687,268061,5755004387.889894,75861.74522043303,No Mode,-1.1496532640029125
Egypt,329135113,151,2179702.7350993375,1155065,2807083,219666529331.80908,468685.96024610027,No Mode,-0.5799610074157502,146168110,151,968000.7284768212,459863,2081343,252309340182.10605,502304.0316203983,No Mode,-0.7538172355994428
El Salvador,15725148,151,104140.05298013244,40243,182182,2172285832.0638413,46607.78724702387,No Mode,-1.2495916679244115,8785699,151,58183.437086092716,38352,85629,203695153.74101546,14272.181113656576,No Mode,-0.8456200148255921
Equatorial Guinea,7054670,151,46719.66887417219,9638,71298,583486836.3829582,24155.47218298492,No Mode,-1.5438541895659215,2893994,151,19165.523178807947,5184,47408,150355686.21112597,12261.960944772494,6263,-0.736623180892678
Eritrea,14278273,151,94558.09933774834,36213,120431,617071246.9433986,24840.918802318858,No Mode,-0.39288934868825853,5254311,151,34796.76158940397,20697,75306,223985669.0227815,14966.15077509182,31806,0.7485617816948658
Estonia,1979300,151,13107.94701986755,6095,24868,32364783.570507705,5689.005499250963,No Mode,-1.109567270549438,2399088,151,15888.0,11910,22234,4241067.893333341,2059.385319296353,16684,0.12855247848552986
Eswatini,3760021,151,24900.80132450331,13667,36818,45617038.45359826,6754.038677235885,15375,-1.2774946096809117,1948735,151,12905.529801324503,5725,20016,25521899.784105957,5051.920405559252,No Mode,-1.4676738672149625
Ethiopia,529309269,151,3505359.3973509935,799118,4872318,2014359705786.6526,1419281.4047209427,No Mode,-1.113029151651078,183569013,151,1215688.8278145695,492424,2989120,443876008140.10333,666240.203034989,No Mode,0.37905121938986985
Europe (UN),1136273351,151,7524989.079470199,4942814,12222241,5344759579734.161,2311873.6080794213,No Mode,-0.8403980301370035,1216006113,151,8053020.61589404,5718317,9612150,1129917444050.0674,1062975.7495117504,No Mode,-0.5702598997269073
Falkland Islands,4867,151,32.2317880794702,18,52,95.71258278145693,9.783280778013934,22,-1.2026989403696362,4702,151,31.13907284768212,15,51,67.77386313465784,8.232488271152159,30,-0.260716074829761
Faroe Islands,109154,151,722.8741721854304,583,961,6531.164061810183,80.81561768501298,705,-0.08899248455636588,74041,151,490.3377483443709,244,691,19531.358498896236,139.7546367706497,246,-1.2346482900054407
Fiji,2427758,151,16077.867549668874,9135,23561,17125782.16900662,4138.330843348151,No Mode,-1.1528621542435313,1284190,151,8504.569536423842,3972,12348,9685470.740132445,3112.1488942742512,12289,-1.6113807729068208
Finland,7973159,151,52802.377483443706,35105,98369,251187916.35655645,15848.90899578127,No Mode,0.07807901839631626,8439531,151,55890.93377483444,37947,70461,95956744.22225158,9795.751335260178,No Mode,-1.3813279078226515
France,108495550,151,718513.5761589404,623778,880805,6010675092.739184,77528.5437289982,No Mode,-1.172604410900055,96929999,151,641920.5231788079,502905,791309,9847753290.997835,99235.84680445789,542727,-1.6063402960305218
French Guiana,945211,151,6259.675496688742,812,9595,10649432.34066225,3263.346800550357,9585,-1.331168511555975,300493,151,1990.0198675496688,422,5610,2388135.3262693146,1545.359287113943,427,-0.8493711262943684
French Polynesia,475564,151,3149.430463576159,1198,6101,1967716.366799119,1402.7531382246552,4392,-1.1722369618950934,276529,151,1831.317880794702,623,3523,1313542.258278146,1146.0987122748834,886,-1.6350414072870225
Gabon,9370229,151,62054.496688741725,14189,94308,833269361.1583226,28866.40540764164,No Mode,-1.424418083310895,3450874,151,22853.470198675495,10246,56595,189717976.02410603,13773.81486822391,10272,-0.47499293652783514
Gambia,9483910,151,62807.350993377484,15238,85034,536463674.74931526,23161.68549025125,No Mode,-0.7377966959880382,4042231,151,26769.741721854305,9993,65046,259508821.1795144,16109.277487817832,No Mode,-0.20034215856792503
Georgia,8662895,151,57370.165562913906,25127,110754,794582698.7524056,28188.3433133699,No Mode,-1.1419946303608328,7140794,151,47290.02649006622,40780,59335,15179017.332626874,3896.025838290459,46100,0.8018382882660231
Germany,116790130,151,773444.5695364239,609726,1356661,37962140780.686844,194838.75584874494,No Mode,1.7592165694092534,141224278,151,935260.119205298,716872,1126442,9912832760.59901,99563.20987492824,No Mode,-0.700913511633213
Ghana,116624432,151,772347.2317880795,244091,999424,53743428565.15253,231826.2896333212,No Mode,-0.7050901324247123,49542510,151,328096.09271523176,115322,705648,32044404561.51135,179009.50969574592,No Mode,-0.8798004377514257
Gibraltar,73102,151,484.11920529801324,305,637,3296.3056953642313,57.41346266655784,452,0.9641511773885716,50997,151,337.72847682119203,180,566,21081.4391169978,145.19448721283393,196,-1.5564387623018354
Greece,13973873,151,92542.20529801324,43986,176635,1620570669.6042383,40256.31217094082,53889,-1.0760864999473114,15553254,151,103001.6821192053,62315,146529,447768738.5382782,21160.546744786116,No Mode,-1.1926768126918825
Greenland,117941,151,781.066225165563,351,1623,111701.44891832209,334.21766697516466,594,-0.26267744031992146,82530,151,546.5562913907285,307,776,18824.915143487855,137.203918105453,669,-1.128948805845185
Grenada,265529,151,1758.4701986754967,529,4586,1308517.237439293,1143.9043829968014,1434,-0.1816931109862736,163210,151,1080.8609271523178,612,1538,85380.98719646796,292.20025187612,757,-1.3860572666127229
Guadeloupe,791552,151,5242.066225165563,2165,10952,7264933.128918326,2695.353989537984,2818,-0.9159403931331109,517096,151,3424.476821192053,2335,5044,702961.8511258287,838.4282027256888,2355,-0.9152085751057633
Guam,416003,151,2754.9867549668875,1761,3763,231968.9198233994,481.6315187188224,2276,-0.5354331946440767,180612,151,1196.1059602649007,407,2086,365089.97536423826,604.226758232568,466,-1.6795699805072122
Guatemala,47932094,151,317431.0860927152,157067,422285,4724792861.705874,68737.12869843979,No Mode,-0.7337425570779863,22454149,151,148702.97350993377,73110,328384,7859026902.665957,88651.15285581996,No Mode,-0.6359943069077842
Guernsey,84233,151,557.8344370860927,421,751,10155.325739514394,100.77363613323871,517,-1.296643770632488,98020,151,649.1390728476821,396,827,11072.73386313467,105.22705860725496,589,-1.0139459497887677
Guinea,59931284,151,396895.92052980134,136489,531187,17817915128.740314,133483.76353976657,No Mode,-1.0430935581305976,27385015,151,181357.71523178808,88061,387811,7634432404.685036,87375.23908227682,122426,-0.2537139637837176
Guinea-Bissau,8346919,151,55277.60927152318,21984,71143,279577525.3063135,16720.571919235106,No Mode,-0.681732150154009,3825501,151,25334.443708609273,13456,52898,137612679.28847682,11730.843076628245,20167,-0.20728464311800732
Guyana,2551062,151,16894.450331125827,9077,26080,28060764.422516484,5297.241208640256,16485,-1.2026619791695368,1202811,151,7965.635761589404,5825,11376,3510850.673112584,1873.7264136240872,5830,-1.0895906614153918
Haiti,33564574,151,222281.94701986754,151714,271900,1251529625.3438392,35376.964614616656,No Mode,-1.2130211955387555,18721093,151,123980.74834437086,81918,202362,2008243049.7629137,44813.42488320787,No Mode,-1.1683020194976514
High-income countries,1949953592,151,12913599.947019868,11058189,16987174,3687896926705.9062,1920389.7850972614,No Mode,-0.753148333401727,1761990167,151,11668809.052980132,7317391,15210176,7869032819715.443,2805179.6412556972,No Mode,-1.6531805614424755
Honduras,28522611,151,188891.46357615895,81841,234594,1753285096.210331,41872.24732696265,No Mode,0.23210530793048179,12267010,151,81238.47682119206,34118,187764,2858166161.4644594,53461.81966099227,No Mode,-0.871972174014009
Hong Kong,7087835,151,46939.30463576159,5667,153353,1212769704.9732454,34824.843215343346,No Mode,-0.5326667153871409,8918817,151,59065.013245033115,12135,104119,944390918.9598233,30730.9439972127,19657,-1.4878663886371193
Hungary,15275688,151,101163.49668874172,63708,222673,1470155799.3716552,38342.61075320322,No Mode,0.7185582566754571,18279002,151,121052.99337748345,90247,158980,271007376.31328905,16462.30167119073,No Mode,-0.7463425994375288
Iceland,591265,151,3915.662251655629,2673,5066,385082.7984988947,620.5503996444565,4062,-0.9226758853372554,456560,151,3023.5761589403974,1063,5394,2168542.5658278125,1472.5972177848946,1733,-1.5179738229080844
India,3157815198,151,20912683.430463575,13154703,29324930,23028075399887.39,4798757.693391842,No Mode,-1.170846293497994,1957131123,151,12961133.264900662,7852219,21060120,22026356538367.42,4693224.535260105,No Mode,-1.2155681463973684
Indonesia,618195027,151,4094006.8013245035,2783163,5157679,484923068403.04065,696364.1780010231,No Mode,-1.2276037247205913,388936599,151,2575739.0662251655,1435160,3943967,990812807669.715,995395.8045268802,No Mode,-1.679023246445506
Iran,166887971,151,1105218.3509933774,613421,2102014,131430122010.12268,362532.9254152272,No Mode,0.8559382742224466,107572581,151,712401.1986754967,328003,1351892,124275213514.2936,352526.8975756227,No Mode,-1.235719608274323
Iraq,150373809,151,995853.0397350993,220687,1348973,141703807341.85175,376435.66162340646,No Mode,-0.9415921144537789,53844961,151,356589.1456953642,102086,981808,73713786985.44527,271502.8305293432,No Mode,-0.4679716098848017
Ireland,8690653,151,57553.99337748344,43347,76014,64338822.49995581,8021.148452681562,No Mode,-0.6616497116357092,6845322,151,45333.258278145695,27583,68826,219647425.72618094,14820.50693215927,33121,-1.5834271876501316
Isle of Man,103373,151,684.5894039735099,438,954,22918.963620309107,151.39010410297334,692,-0.8732133367784893,143102,151,947.6953642384105,794,1111,9711.759911699792,98.54826184007403,814,-1.3433821600819174
Israel,24084380,151,159499.20529801326,47508,228354,3831090976.7375693,61895.80742455477,No Mode,-1.273471219164489,9200017,151,60927.26490066225,7418,144788,1483217889.4893606,38512.56794202849,No Mode,-1.0211994260746784
Italy,74192141,151,491338.6821192053,249015,1006349,49552567635.484856,222604.06024033987,No Mode,-0.4512791819303832,92661715,151,613653.7417218543,442400,805985,10360277298.699512,101785.44738173288,No Mode,-1.0477729585966316
Jamaica,5344267,151,35392.496688741725,7103,67860,462265222.4516558,21500.354007589172,No Mode,-1.5700572719836443,3755943,151,24873.794701986753,14886,37294,62780862.89757178,7923.437568225788,15025,-1.5174257431891562
Japan,158491383,151,1049611.8079470198,558209,2461534,234789199896.00986,484550.5132553363,No Mode,-0.19613714850628616,176766681,151,1170640.2715231788,694626,1648499,109525522653.75906,330946.4045034468,No Mode,-1.506628148520585
Jersey,139777,151,925.6754966887418,807,1239,10006.860662251685,100.03429742969001,851,0.5761801863997276,158698,151,1050.9801324503312,707,1395,48290.49960264892,219.7509945430257,1154,-1.4755573812543161
Jordan,27298284,151,180783.33774834438,20464,253565,5265284648.131837,72562.28116681446,No Mode,-0.6282690570258063,10146663,151,67196.44370860927,10867,199572,3554122253.7018085,59616.45958711242,13312,-0.7810212305944022
Kazakhstan,58109831,151,384833.3178807947,239063,459460,3105652190.818271,55728.37868463671,No Mode,0.23225252456392464,28392345,151,188028.7748344371,101351,308708,3146388846.175629,56092.68086101456,No Mode,-1.1514492496516004
Kenya,186497741,151,1235084.3774834438,284634,1665419,176289770282.86322,419868.7536395906,No Mode,-0.48419041923552353,79881163,151,529014.3245033113,143791,1223420,126153692500.79399,355181.2107935807,No Mode,-1.0013105976926444
Kiribati,447527,151,2963.754966887417,1641,3556,290186.9862251658,538.6900650886053,2833,-0.5656955811165272,195166,151,1292.4900662251655,629,2569,387833.7582339955,622.7630032636778,914,-0.9934552669007353
Kosovo,4078298,151,27008.596026490068,7455,61192,286892544.3357168,16937.90259553162,No Mode,-1.2096381358877335,2414915,151,15992.814569536424,9265,21556,13891298.978719661,3727.103295955139,17730,-1.1937228676145824
Kuwait,8699187,151,57610.50993377483,6827,105331,565971936.838235,23790.164708093867,No Mode,-0.20633248002084104,1746452,151,11565.907284768213,2424,31196,65688328.83134659,8104.833670800814,2462,-0.7321202862823877
Kyrgyzstan,20275656,151,134275.86754966888,63715,172605,612786065.5823401,24754.51606439399,No Mode,0.3251251806867326,9292733,151,61541.27814569537,33300,121528,750673314.015453,27398.41809330336,36438,-0.9477363769548219
Laos,20277003,151,134284.7880794702,81154,193171,992036755.8881252,31496.614990949824,No Mode,-1.224594462484275,10903020,151,72205.43046357617,40405,123440,760935811.4867996,27585.065007840738,No Mode,-0.920710123167992
Latin America and the Caribbean (UN),1326453322,151,8784459.086092716,5130844,12027805,4686574459868.392,2164849.754571525,No Mode,-1.2829077571223608,813610614,151,5388149.761589404,2889061,8992811,5732877729757.997,2394342.859691986,No Mode,-1.553132614818875
Latvia,2900500,151,19208.60927152318,6321,41179,118963932.14631337,10907.058821988327,8855,-1.193095058792396,3860748,151,25567.867549668874,15730,41993,31765137.0356733,5636.056869449891,No Mode,-0.3341228614559282
Least developed countries,4868077681,151,32238925.0397351,9398840,44575590,146344452630294.38,12097291.127781227,No Mode,-1.235808675471147,1839475060,151,12181954.0397351,5498965,29177124,45290800503430.79,6729844.017763769,No Mode,0.02263509321457713
Lebanon,12856834,151,85144.59602649006,55544,126567,164726438.36238426,12834.57978908481,No Mode,0.26943098335821647,6588471,151,43632.258278145695,17941,88454,520914719.84618074,22823.556248888577,18878,-1.2096902720387652
Lesotho,7460937,151,49410.17880794702,25260,65296,91851231.61448133,9583.904820817104,55728,-0.4366764132291969,4128272,151,27339.549668874173,12574,41696,86548164.40918317,9303.126593204199,24959,-1.2782466252375637
Less developed regions,17145275642,151,113544871.8013245,72897420,132140030,166257500999431.38,12894087.831228364,No Mode,1.1218363295130187,9472311226,151,62730537.9205298,36780584,108827680,683569229123971.2,26145156.896143716,No Mode,-1.3114908588685985
"Less developed regions, excluding China",15054628154,151,99699524.1986755,50174310,115069320,296763631595422.4,17226828.831663195,No Mode,0.9480293917398646,7497545216,151,49652617.32450331,25861180,94928140,528722266143976.6,22993961.51479724,No Mode,-1.0209258081986112
"Less developed regions, excluding least developed countries",12277197888,151,81305946.2781457,57893064,105800860,173680726110583.0,13178798.35609389,No Mode,-1.16771553813794,7632835872,151,50548581.93377484,29578624,80577704,393240404172880.56,19830290.067794785,No Mode,-1.5360571709082613
Liberia,22020283,151,145829.68874172185,40283,193790,2598337220.589137,50973.88763464228,No Mode,-0.9936256465477182,9868509,151,65354.3642384106,22729,148234,1267451473.4064467,35601.284715673486,No Mode,-0.279201800175894
Libya,16788083,151,111179.35761589404,55562,157980,459242370.48459154,21429.940981827072,104763,0.2541871606522337,8472778,151,56111.112582781454,20278,116712,1034230707.7272414,32159.457516059585,No Mode,-1.2893740149319963
Liechtenstein,55360,151,366.6225165562914,294,428,552.5165562913907,23.505670726260732,371,2.817858783473036,48693,151,322.4701986754967,120,530,22925.30410596026,151.41104354029218,135,-1.7266758940114777
Lithuania,4421726,151,29282.953642384105,7407,63005,349086221.1245027,18683.84920524951,No Mode,-1.3503828491898868,5150098,151,34106.60927152318,21432,46698,44026107.62631343,6635.217225254455,No Mode,-1.0146965408283095
Low-income countries,3343695381,151,22143678.01986755,5245287,32145966,93309354246861.97,9659676.715442497,No Mode,-1.385323778901221,1214419565,151,8042513.675496689,3082876,20446878,23791363995669.406,4877639.182603548,No Mode,0.04007597721097911
Lower-middle-income countries,8881887062,151,58820444.119205296,31290254,69278110,91726739301473.22,9577407.754787995,No Mode,0.7892886415733753,4612621937,151,30547165.145695366,16572381,56119684,175531153831563.53,13248817.072914982,No Mode,-1.019157085705943
Luxembourg,881803,151,5839.754966887417,3778,6948,880999.5862251624,938.6157820030315,4899,-0.8986389165174189,922756,151,6110.9668874172185,3548,9800,5601483.552229585,2366.745350102031,3686,-1.5741156036297974
Macao,588625,151,3898.17880794702,779,9360,3973105.2544812425,1993.2649734747367,2049,-0.23612258228076888,756302,151,5008.622516556291,1242,10407,11140291.929889621,3337.7075860371024,1702,-1.5579763248048308
Madagascar,132245774,151,875799.8278145696,196927,1272742,148961299535.65005,385955.0485945871,No Mode,-1.3334525597761828,49732395,151,329353.6092715232,96831,834284,48215434089.27967,219580.13136274344,No Mode,-0.5362024981923423
Malawi,90366032,151,598450.5430463576,145952,825586,52827927096.036415,229843.26637088243,824833,-1.0267886837053224,33887210,151,224418.60927152316,95416,547326,15938997929.986311,126249.74427691453,No Mode,0.1945123687870387
Malaysia,63882826,151,423065.0728476821,272659,543569,3380387035.387988,58141.095925240246,No Mode,-0.21379143367853048,39720182,151,263047.5629139073,71430,564697,33842839517.514362,183964.2343432939,No Mode,-1.3322823900537857
Maldives,840878,151,5568.728476821192,3021,9340,2044500.479116997,1429.8603005598125,4221,0.40821981053042533,540964,151,3582.543046357616,1123,9362,7053308.503134662,2655.8065635762446,1187,-0.4481806378502622
Mali,131354565,151,869897.7814569536,244036,1324515,169218390053.13196,411361.6292912259,No Mode,-1.6307318594823004,46560397,151,308347.0,170856,776537,28852723723.226673,169860.8952149572,No Mode,0.5899931330722903
Malta,658624,151,4361.748344370861,2237,9474,3310998.69624724,1819.6149857173743,2589,0.7941194290256379,720271,151,4770.0066225165565,2723,7717,3028026.3666225136,1740.1225148312155,3034,-1.5147757962979613
Marshall Islands,131849,151,873.1721854304636,263,1941,339254.3034878589,582.4554090124487,370,-0.9688746156183616,41291,151,273.4503311258278,196,347,1752.2891832229593,41.860353357597916,232,-0.911610812101117
Martinique,696899,151,4615.225165562914,1802,10844,7671868.8156291265,2769.8138593828153,2239,-0.2852345099106506,491238,151,3253.2317880794703,2149,5227,670290.7925827813,818.7128877590612,2539,-0.8142614271761959
Mauritania,24137378,151,159850.18543046358,28308,251170,6606101536.765389,81277.92773419725,No Mode,-1.5510437481965018,6461724,151,42792.87417218543,15229,124825,901030666.6573949,30017.17286250314,No Mode,0.4163850765996475
Mauritius,2035789,151,13482.046357615895,3719,28052,58565953.68450323,7652.839583089614,No Mode,-1.4325607596387593,1695736,151,11230.039735099337,6197,15969,13731632.251743948,3705.621709206695,15969,-1.6889586284154599
Mayotte,1618659,151,10719.596026490066,1044,20011,48667712.30905078,6976.224789171489,5812,-1.567399232024779,277462,151,1837.4966887417218,258,7402,3674138.184988963,1916.804159268485,259,0.3701885134860077
Mexico,277671330,151,1838882.9801324503,1098210,2478574,195685838565.4465,442363.92095812527,No Mode,-1.398164166598405,152419783,151,1009402.536423841,461670,1811870,250388308341.83728,500388.15767545626,No Mode,-1.4420059606774458
Micronesia (country),353660,151,2342.119205298013,1408,3602,445973.58569536364,667.8125378392979,1658,-0.8788146729645083,147099,151,974.1655629139073,561,1608,117658.65907284783,343.0140799921307,562,-1.042994518665263
Moldova,6770992,151,44841.00662251656,12589,101892,789216656.0332897,28093.000125178685,18313,-1.2248484842194634,5748094,151,38066.84768211921,24049,52770,57488410.76997782,7582.111234344813,No Mode,-0.5781345295698674
Monaco,61595,151,407.9139072847682,335,504,2118.492538631348,46.027084837423146,397,-0.6865462537772808,65821,151,435.9006622516556,284,937,18679.95673289183,136.6746382211851,332,2.592467452916087
Mongolia,9198020,151,60914.03973509934,31712,78749,102157458.37174417,10107.297283237698,No Mode,0.7545386987187768,4416460,151,29248.079470198674,17270,54014,112037968.27364235,10584.79892457303,No Mode,-0.9909195285332855
Montenegro,1105311,151,7319.940397350993,2460,14948,12371574.50975717,3517.324908187637,No Mode,-0.9741006724683507,902173,151,5974.6556291390725,3787,9135,1469154.0672847661,1212.0866583230616,7282,-1.0108497889764338
Montserrat,17221,151,114.04635761589404,21,455,17076.377836644613,130.67661549276752,26,0.32433221585526084,12405,151,82.1523178807947,35,266,3051.0499779249444,55.23631032142665,51,1.4925387276294053
More developed regions,1990373989,151,13181284.695364239,10306171,19020788,7617133651656.715,2759915.5153114223,No Mode,-0.7243593517420353,1961143023,151,12987702.139072848,8280002,16044184,6096543024042.44,2469117.8635379965,No Mode,-1.0993934736608864
Morocco,85914335,151,568969.1059602649,333713,788048,15662271558.268747,125148.99743213586,No Mode,-1.0655069373778576,47428965,151,314099.1059602649,182973,505463,13537749373.055359,116351.83442067151,No Mode,-1.359753966744887
Mozambique,166787735,151,1104554.536423841,278306,1625565,242068788323.95694,492004.86615881854,No Mode,-1.468141425516789,58682174,151,388623.6688741722,156831,1005402,53526491516.74297,231357.92944427682,No Mode,0.4015334034743758
Myanmar,125577807,151,831641.1059602649,486250,1166517,37951831988.96204,194812.2993780476,No Mode,-1.190564340583838,86480444,151,572718.1721854304,420548,756599,17368340050.090145,131788.9982133947,No Mode,-1.726130029257423
Namibia,9705421,151,64274.31125827815,21085,86572,450441491.58913904,21223.60694107246,No Mode,-0.8741375856534792,4406180,151,29180.0,10348,66180,311353528.2266669,17645.212614946497,No Mode,-0.8438933883289903
Nauru,41295,151,273.47682119205297,101,375,5606.411125827824,74.87597161858953,314,0.31015223858879226,17748,151,117.5364238410596,35,241,3590.5703311258285,59.92136790099028,36,-0.982518954168841
Nepal,75312528,151,498758.4635761589,277714,819693,20850688639.676975,144397.6753264296,No Mode,-0.7955132391828657,42449664,151,281123.60264900664,187100,449651,6577556456.787729,81102.13595700011,No Mode,-0.3527704167818806
Netherlands,27404764,151,181488.50331125828,148453,250319,759820466.6649892,27564.841132591155,164015,0.16333630310939018,25134093,151,166450.94701986754,75826,226806,2404278472.9971743,49033.4423939129,No Mode,-1.4182246263768967
New Caledonia,566909,151,3754.364238410596,2239,4730,327870.00644591573,572.5993419887205,3257,-0.21592208915656919,344604,151,2282.1456953642382,999,3957,1324550.7119646792,1150.8912685239554,3832,-1.6321134181814116
New Zealand,8437619,151,55878.27152317881,49102,65034,14113885.399116958,3756.845139091703,58574,-0.5075741346381859,6440174,151,42650.15894039735,18049,66738,300282951.62790287,17328.67426054004,No Mode,-1.6938736571499804
Nicaragua,17397412,151,115214.64900662252,72046,152690,545109841.8293152,23347.58749484227,No Mode,-1.2696230833567494,8150863,151,53979.225165562915,27719,107535,769696137.5622953,27743.398089677034,No Mode,-0.8816680114866897
Niger,139605880,151,924542.2516556291,152302,1418746,221983847140.32288,471151.6179960787,No Mode,-1.5177815081362727,48815078,151,323278.66225165565,72121,900174,46840789520.06518,216427.3308065901,No Mode,0.376118316306016
Nigeria,913792351,151,6051604.973509934,1706938,8232118,4724509913259.9,2173593.7783449558,No Mode,-0.9133216687808487,479493847,151,3175455.940397351,1025757,6572323,2711042019469.7505,1646524.2237725356,No Mode,-0.8649393912809891
Niue,10238,151,67.80132450331126,25,234,4822.58693156733,69.44484812833367,27,0.8610564385599608,3628,151,24.026490066225165,11,58,124.49262693156729,11.157626402222261,20,2.2360293402273372
North Korea,47190365,151,312518.9735099338,157663,548664,10261726978.745968,101300.18252079297,No Mode,-0.8244975105589054,38143687,151,252607.19867549668,111113,816319,10258012782.586933,101281.84823840318,No Mode,5.426224059580191
North Macedonia,3405565,151,22553.41059602649,5748,47421,196657855.24362046,14023.475148607797,No Mode,-1.40489830364152,2811677,151,18620.37748344371,12919,27375,10445766.316556294,3231.991076187602,16302,-0.9028966071491014
Northern America (UN),641567066,151,4248788.516556292,3636824,4840684,41756106154.75815,204343.10889961067,No Mode,2.1022845187793706,529311797,151,3505376.1390728476,1602725,5156662,1467217528922.1482,1211287.5500566114,No Mode,-1.6153962815833411
Northern Mariana Islands,94448,151,625.4834437086092,294,1619,129934.61139072843,360.4644384550693,366,0.8504189957817339,42443,151,281.0794701986755,59,575,29323.740309050772,171.24175982817619,65,-1.4232122414414616
Norway,8128296,151,53829.774834437085,44291,67716,38653989.04229581,6217.23323048893,No Mode,-0.9290128524757559,7734605,151,51222.54966887417,27605,68870,169415372.4891839,13015.966060542103,41358,-1.446866197485665
Oceania (UN),95846704,151,634746.3841059603,348986,752911,15215847145.664814,123352.53197914023,No Mode,-0.9258760448589141,58088020,151,384688.87417218543,146516,721008,40292164366.7374,200729.0820153806,No Mode,-1.4628685662759333
Oman,12263319,151,81214.03311258278,23743,132347,1117469206.0322301,33428.568710494175,No Mode,-1.2374558932879849,3027450,151,20049.33774834437,6715,56990,207409346.79849875,14401.713328576525,No Mode,0.020125332518754036
Pakistan,876862498,151,5807036.410596026,1645719,7560140,3704468405125.0815,1924699.5623018886,No Mode,-0.528025141527463,336392076,151,2227762.0927152317,856425,5140263,1704008701157.924,1305376.8425852836,No Mode,-0.5665501640299353
Palau,35124,151,232.60927152317882,107,433,10804.052980132448,103.94254653476818,181,-1.1165829148018447,28425,151,188.24503311258277,117,269,1833.519558498895,42.819616515084476,141,-0.9503112645252667
Palestine,17815408,151,117982.83443708609,45680,158210,1327880245.4457378,36440.091183279685,No Mode,-0.8448470712282563,5072107,151,33590.112582781454,10766,103217,707152699.8339071,26592.342879744672,No Mode,0.19143554504388716
Panama,9457370,151,62631.58940397351,34787,78563,92337838.31028704,9609.257947952436,No Mode,0.388925872371658,4681597,151,31003.953642384105,10330,66947,405006257.9911696,20124.767277938136,No Mode,-1.2944675191956576
Papua New Guinea,31219810,151,206753.70860927153,70878,269520,4475223988.061196,66897.11494572241,No Mode,-1.0622343346220842,14661695,151,97097.3178807947,29185,218966,4284097497.7249436,65453.01748372602,No Mode,-1.215429169196842
Paraguay,17210628,151,113977.66887417219,66919,142105,425655410.03629124,20631.418032609665,No Mode,-0.9002352876821553,7893223,151,52273.0,17577,103741,900573515.8000001,30009.55707437216,No Mode,-1.3012220968840027
Peru,75346162,151,498981.2052980132,327342,685187,10868726349.257551,104253.18388067365,No Mode,-1.142585095099855,41820879,151,276959.4635761589,149770,493282,14579408410.850332,120745.22106837327,No Mode,-1.0866162508497377
Philippines,252756664,151,1673885.1920529802,903377,2559111,193608195208.6629,440009.31263856555,No Mode,-0.9147204305898553,138792852,151,919157.9602649007,276698,1775774,310037034735.425,556809.6934639564,No Mode,-1.4992356136182534
Poland,55104882,151,364932.99337748345,123614,780998,40929756936.41999,202311.04007547387,No Mode,-0.8763920383873778,58956977,151,390443.55629139073,229782,502538,5850188385.968486,76486.52421157916,No Mode,-0.778338681159294
Portugal,17039417,151,112843.82119205299,77859,218147,2079006934.4811442,45596.12850320896,82184,0.047421108645493426,16638958,151,110191.77483443709,87500,135363,228717452.44229603,15123.407434910165,134896,-1.3206166138130675
Puerto Rico,5225294,151,34604.596026490064,4529,87390,814990610.922384,28548.04040424463,79129,-1.5581039991158483,4748260,151,31445.43046357616,15818,41947,60356275.886799216,7768.930163593905,32521,-0.7861525802461835
Qatar,5324491,151,35261.529801324505,1170,90028,775726817.3441057,27851.872779834855,No Mode,-1.2020640848080375,641989,151,4251.582781456954,402,18785,18324831.97810155,4280.751333364454,404,1.5582163753994251
Reunion,1773419,151,11744.496688741721,7577,16633,5873714.8116556285,2423.5748000950225,12380,-0.9975211062400908,970857,151,6429.516556291391,2964,10529,7747111.371390727,2783.363320048378,3929,-1.71305293423151
Romania,32996812,151,218521.93377483444,87303,510539,12697913216.04891,112685.0177088725,No Mode,-0.5235750072555136,34096143,151,225802.27152317882,155832,336900,1549853936.5991178,39368.18431930939,No Mode,-0.8135631438032545
Russia,246017014,151,1629251.7483443709,1145927,2946027,291468655118.2158,539878.3706708538,No Mode,0.10117111741874085,256546284,151,1698982.013245033,888612,2439514,131388662572.18651,362475.7406671328,No Mode,-0.12471497041040136
Rwanda,54355681,151,359971.39735099336,125842,460724,10761388205.134386,103737.11103136807,No Mode,-0.37273066906802343,21149190,151,140060.86092715233,48808,1045769,10472250833.547192,102334.01601396865,No Mode,40.102482533986716
Saint Barthelemy,10300,151,68.21192052980132,37,100,276.5147902869761,16.628733875042204,50,-1.069333559671903,11235,151,74.40397350993378,2,164,3194.0023841059597,56.515505696277366,16,-1.7067507615203787
Saint Helena,10879,151,72.04635761589404,22,200,3182.2178366445887,56.411149931946866,28,-0.8654434457443592,8576,151,56.794701986754966,37,91,234.95090507726297,15.328108333296154,43,-0.8530702212934362
Saint Kitts and Nevis,117892,151,780.7417218543046,241,2539,376138.8061810153,613.3015621870005,833,1.6019808966039912,83310,151,551.7218543046357,390,817,9001.695452538626,94.87726520372847,612,0.39098467646376944
Saint Lucia,355782,151,2356.1721854304637,798,4396,1638072.4234878598,1279.8720340283476,4027,-1.486140526718019,245253,151,1624.1920529801325,717,2470,379676.91620308993,616.1792890085563,787,-1.5695747612780557
Saint Martin (French part),52879,151,350.1920529801325,142,907,55639.23620309049,235.87970706080355,244,-0.36946630920634904,22372,151,148.158940397351,12,396,9306.547902869761,96.4704509312036,16,-1.2075875404413265
Saint Pierre and Miquelon,9425,151,62.41721854304636,13,200,2384.951434878586,48.83596456381901,13,-0.5394938855581435,8580,151,56.82119205298013,37,79,191.00114790286972,13.820316490691148,41,-1.4720667484504537
Saint Vincent and the Grenadines,274298,151,1816.5430463576158,567,4166,1455172.2098013237,1206.3051893286888,1899,-0.9302531268009773,161191,151,1067.4900662251655,730,1621,29063.358233995586,170.47978834452954,1153,0.07754323098426674
Samoa,866022,151,5735.245033112583,4718,6401,104463.91955849856,323.20878632626705,5520,0.24828106834827013,240055,151,1589.76821192053,961,3209,285059.28591611463,533.9094360620672,975,0.8988221488838493
San Marino,37405,151,247.71523178807948,194,348,1130.1650331125834,33.61792725782753,243,0.11168144219262155,43222,151,286.2384105960265,120,495,14297.969448123637,119.57411696568633,123,-1.2380748710774523
Sao Tome and Principe,910372,151,6028.953642384106,2644,7719,3021558.9511699798,1738.263199624838,2967,-0.7952361638388705,303676,151,2011.0993377483444,1002,4701,1031237.6767328924,1015.4987330040803,1381,0.3107844383597351
Saudi Arabia,75579354,151,500525.5231788079,86682,795137,42662171121.26445,206548.22952827375,No Mode,-0.7663064930063377,20062186,151,132862.15894039735,42604,375437,10410102722.64124,102029.91092146086,No Mode,-0.49037138200796804
Senegal,72561082,151,480536.9668874172,131196,673289,33003815441.378925,181669.52259908355,No Mode,-1.1909357515560757,25200593,151,166891.34437086093,73583,416879,10275662887.90728,101368.94439574322,No Mode,0.05890102662434904
Serbia,10379384,151,68737.64238410596,27697,153205,1192258390.4312575,34529.09483944312,No Mode,-0.6154014471866107,12213775,151,80885.92715231788,54703,135637,253543603.78799114,15923.052590128287,No Mode,-0.47047840200704494
Seychelles,229311,151,1518.6158940397352,1086,1871,43033.69147902864,207.44563499632534,1583,-0.9687326848835034,171471,151,1135.569536423841,505,1918,273945.38013245026,523.3979175851298,505,-1.6281582791548297
Sierra Leone,31691217,151,209875.60927152316,95629,265731,2804717861.9196477,52959.587063341496,No Mode,-0.5811081563040004,16155968,151,106993.16556291391,68806,203885,1752414189.3790748,41861.84646404259,No Mode,-0.1784308005770714
Singapore,6251219,151,41398.801324503314,27463,61780,88206655.00026447,9391.839809124966,No Mode,-1.0852410720199726,6221325,151,41200.82781456954,10028,90466,831952931.4101545,28843.594287296346,No Mode,-1.4229160975588258
Sint Maarten (Dutch part),56235,151,372.4172185430464,56,688,19607.09810154526,140.0253480679311,413,0.6161107793231886,53023,151,351.1456953642384,13,668,69761.15196467991,264.12336504875884,618,-1.800302139373379
Slovakia,8467955,151,56079.17218543046,26033,101228,568318383.1701541,23839.42917039236,43837,-1.007220383620985,8373865,151,55456.05960264901,31425,74407,123443643.65642364,11110.519504344684,No Mode,-0.6359656748993303
Slovenia,3064000,151,20291.39072847682,13166,34150,41166579.78631341,6416.118747834505,No Mode,-0.6596106875373411,3209990,151,21258.2119205298,15142,27128,13465802.594790267,3669.577985925666,18966,-1.1766350980349343
Solomon Islands,2831478,151,18751.509933774836,4869,26081,53206526.30490067,7294.280382937077,26068,-1.203492663171085,972952,151,6443.390728476821,1830,17273,22955965.252980135,4791.238384069419,2091,-0.6098881777736493
Somalia,107410503,151,711327.8344370861,111806,1132423,146929877207.60568,383314.33211870084,No Mode,-1.5437255365436746,40608111,151,268927.88741721853,49469,731761,35606145428.540565,188695.90729144224,No Mode,-0.3227312921651193
South Africa,159894507,151,1058904.0198675497,534108,1243597,28308609866.286312,168251.6266378614,No Mode,2.4573235779698654,98488751,151,652243.3841059603,233379,1084556,89794657462.86482,299657.56700418034,No Mode,-1.4676259478402838
South Korea,66409210,151,439796.09271523176,119211,1098755,98897755223.44473,314480.1348629906,No Mode,-1.0265771762490643,67386824,151,446270.35761589406,234535,931034,32272911828.89794,179646.63044125805,No Mode,-1.2268660189713874
South Sudan,47460392,151,314307.2317880795,123007,429073,7546680034.59258,86871.62963011906,No Mode,-0.6829059834348095,27212435,151,180214.80132450332,87034,376880,5943852561.400266,77096.38487893103,No Mode,-0.7712378908239828
Spain,60664131,151,401749.2119205298,244706,691964,19481347554.68808,139575.5979915117,No Mode,-0.6023317568989333,66255000,151,438774.8344370861,259425,656598,15420672261.819073,124179.99944362648,No Mode,-1.1619241724260594
Sri Lanka,45429877,151,300860.11258278147,178724,426916,4357953288.100582,66014.79597863332,No Mode,-1.0153285263405163,27827101,151,184285.43708609272,95515,281942,4862362737.4476795,69730.64417777653,No Mode,-1.6173339387365648
Sudan,216666845,151,1434879.7682119205,296853,2040784,359385129659.166,599487.3890743374,No Mode,-1.188578798261959,71984905,151,476721.22516556294,117682,1234070,102173181085.90897,319645.3989750345,No Mode,-0.34418738734742504
Suriname,1542329,151,10214.099337748345,6786,13083,3297910.863399553,1816.015105498727,12846,-1.070934223887223,835806,151,5535.139072847682,3241,8847,3817267.427196467,1953.7828505738469,3837,-1.4005990951350695
Sweden,15445658,151,102289.12582781457,88127,123184,67589371.36406207,8221.275531452651,No Mode,-0.34116645262140644,15633898,151,103535.74834437086,68308,131529,350943889.3762473,18733.49645357874,93278,-1.241957824945555
Switzerland,12242157,151,81073.88741721855,71095,111948,64606141.953907296,8037.794595155272,73400,4.458460645697273,12267024,151,81238.56953642383,47307,116477,543396090.8067993,23310.857787880723,No Mode,-1.5704511957671559
Syria,71175569,151,471361.38410596026,164865,682445,16435771731.838152,128202.07382034876,No Mode,-0.06762180237555038,30038153,151,198928.1655629139,59305,500360,21952690127.91239,148164.40236410496,59318,-0.6508041565175624
Taiwan,30590905,151,202588.7748344371,58046,431994,18227640805.175636,135009.78040562704,105221,-1.3715771385093467,28617888,151,189522.43708609272,69506,318107,7571271928.554344,87013.0560809948,No Mode,-1.4626863474677925
Tajikistan,33878428,151,224360.45033112582,64354,299159,4273327023.875845,65370.68933303247,No Mode,-0.25802065247739625,12526027,151,82953.82119205299,26123,200846,2600767547.694481,50997.72100490845,No Mode,-0.620479126453398
Tanzania,357069732,151,2364700.2119205296,349853,4160663,1756413793992.888,1325297.624683938,No Mode,-1.5187513850975647,97865267,151,648114.3509933775,167399,1870221,210048370951.7893,458310.3434920374,No Mode,0.23865712731129207
Thailand,109745371,151,726790.536423841,327898,1351441,114477901175.717,338345.8307349405,No Mode,-1.3470620750124758,93854922,151,621555.7748344371,304521,946802,51675547083.775665,227322.56175702327,No Mode,-1.668182952963179
Togo,41564096,151,275258.9139072848,67170,417569,15247489893.559196,123480.72681013502,No Mode,-1.4285123941590792,15078172,151,99855.44370860927,33563,241495,3654443360.208478,60451.99219387627,No Mode,-0.4744977480922805
Tokelau,7765,151,51.42384105960265,27,78,103.68582781456935,10.182623817787308,54,1.0287706863029538,2091,151,13.847682119205299,0,45,240.7966445916114,15.517623677342204,1,-0.9494211827683254
Tonga,365687,151,2421.7682119205297,1365,3526,476492.12591611396,690.2840907308482,2314,-1.3911314943028712,111625,151,739.2384105960265,614,1184,14068.489448123606,118.61066329855679,675,4.448192004277108
Trinidad and Tobago,2683756,151,17773.218543046358,6853,33553,73092815.39858708,8549.433630281428,No Mode,-1.1914725783013427,2033152,151,13464.582781456953,7118,20653,25381544.68476821,5038.009992523656,No Mode,-1.680509138731487
Tunisia,24438198,151,161842.37086092716,84718,237314,2075941359.5282125,45562.49948727805,No Mode,-1.2648883526153691,14984413,151,99234.52317880794,47621,153691,1442485862.3044581,37980.07191020652,No Mode,-1.4871847876916473
Turkey,156993785,151,1039693.940397351,444393,1533300,127807461189.10959,357501.6939667693,No Mode,-1.4033713296058112,106648156,151,706279.178807947,377772,1161174,86396396013.65453,293932.6385647816,No Mode,-1.4871943911729717
Turkmenistan,18195458,151,120499.72185430463,49519,171349,784830606.1487854,28014.82832624154,No Mode,-0.2637132459719025,9624289,151,63737.013245033115,23878,126432,1351112813.813157,36757.4865002105,No Mode,-1.479124495438341
Turks and Caicos Islands,53781,151,356.1655629139073,165,521,9046.792406181014,95.1146277192999,314,-0.9427425069110615,50847,151,336.73509933774835,43,691,61734.39602649008,248.46407391510363,49,-1.682553003724444
Tuvalu,31141,151,206.2317880794702,153,309,1962.6859161147895,44.30221118764604,175,-0.6414893436123679,14074,151,93.20529801324503,52,135,309.12423841059626,17.581929314230457,85,0.060346873886521823
Uganda,195752964,151,1296377.2450331126,301346,1852568,275157459085.91956,524554.5339484919,No Mode,-1.0441374169120552,65197547,151,431771.8344370861,143443,1161872,80715657627.73907,284105.0116202442,No Mode,0.2386021818114017
Ukraine,58433910,151,386979.5364238411,79123,892028,74106916049.46355,272225.85485119437,No Mode,-1.3107392710866705,78958597,151,522904.61589403974,328705,782633,14108969841.091488,118781.18470991729,No Mode,-0.2543957347343029
United Arab Emirates,19687156,151,130378.51655629139,3395,324239,9933770258.05139,99668.30116968679,No Mode,-1.2249480537812472,2855918,151,18913.364238410595,1570,91252,527960034.77977926,22977.380938213548,No Mode,2.834280655331778
United Kingdom,110949838,151,734767.1390728477,635537,999443,6549805391.573852,80930.86797739075,No Mode,1.973334536731322,108652589,151,719553.5695364239,557071,869385,10352483018.726795,101747.1523863287,No Mode,-1.5536513157312861
United States,582664697,151,3858706.6026490065,3301844,4379242,34252930899.281094,185075.47352169896,No Mode,2.018886298051309,477124715,151,3159766.3245033114,1477219,4597256,1108907558763.8188,1053046.7979932416,No Mode,-1.6075535710564588
United States Virgin Islands,195034,151,1291.6158940397352,562,3011,566895.0381456951,752.9243243153293,No Mode,-0.7273472978425657,130456,151,863.9470198675497,303,1396,91351.63717439295,302.24433356870884,731,-1.09097474795515
Upper-middle-income countries,4894497549,151,32413891.052980132,15850547,54210636,139206402013028.83,11798576.270594211,No Mode,-1.390875228460265,3810107618,151,25232500.781456955,15047265,36237732,65438162569217.55,8089385.796784422,No Mode,-1.6750383234265487
Uruguay,5679967,151,37615.67549668874,15498,61829,232154389.9939956,15236.613468681142,No Mode,-1.6091749255363974,5079652,151,33640.079470198674,23977,40884,27391395.220309056,5233.678937450124,31239,-1.1227199620359853
Uzbekistan,113478174,151,751511.0860927153,237617,996726,49912874925.079185,223411.89521840413,No Mode,-0.9322119585533746,44880886,151,297224.4105960265,98691,631523,27420720324.590298,165592.02977374938,146317,-1.2587171584690993
Vanuatu,1286256,151,8518.25165562914,2145,12417,12316767.869580578,3509.5253054481,12301,-1.3616133657416976,375525,151,2486.9205298013244,958,6757,2900071.0469757183,1702.9594965752176,1041,-0.2852490499948983
Venezuela,63540321,151,420796.8278145695,256888,601788,11140668966.476822,105549.36743759681,No Mode,-1.1475757569150398,32914585,151,217977.38410596026,75899,388035,12552880829.744806,112039.63954665691,No Mode,-1.6342843387032828
Vietnam,193825287,151,1283611.1721854305,782956,1922680,97525102528.27701,312290.0935480935,No Mode,-0.8542620047557907,123859916,151,820264.344370861,388249,1361733,137640085056.25385,370998.7669201258,No Mode,-1.6718287612629008
Wallis and Futuna,28617,151,189.51655629139074,46,475,19886.104724061835,141.0181006965483,46,-1.1505829704602686,16226,151,107.45695364238411,62,159,598.089801324504,24.455874576970338,129,-0.6957416366247884
Western Sahara,1099305,151,7280.165562913908,564,9675,7491736.045739513,2737.1035869582124,9469,0.09301961643287449,750147,151,4967.860927152318,346,9637,11091974.013863131,3330.461531659408,2663,-1.5933085271819998
World,19135649668,151,126726156.74172185,91823940,146054880,139328156696606.45,11803734.86217843,No Mode,0.29220340015904744,11433454176,151,75718239.57615894,46061444,122922344,784562004002613.2,28010033.987887505,No Mode,-1.420529271391987
Yemen,165032458,151,1092930.1854304636,243594,1602994,229225095718.65866,478774.57714320906,No Mode,-1.3610446755282801,53726820,151,355806.7549668874,147865,1009605,64827855602.39956,254613.14891890317,No Mode,-0.030766546688698604
Zambia,95164654,151,630229.4966887417,116321,954743,88717636736.55823,297855.0599478851,No Mode,-1.4008748883875757,30886524,151,204546.5165562914,43740,562594,21332351067.824722,146055.986073234,No Mode,-0.18448603779818562
Zimbabwe,67707287,151,448392.62913907284,140346,579645,18922777558.461536,137560.0870836506,No Mode,-0.4928720102613138,24457801,151,161972.19205298013,46669,352323,7048080003.889534,83952.84392972958,No Mode,-0.5436544785181172
